tumor_grade_preop_encoded,preoperative_risk_group_encoded,final_grade_encoded,final_risk_group_encoded,chemotherapy,sentinel_node_pathology_4.0,final_histology_2.0,lymphovascular_invasion,preoperative_staging_2.0,myometrial_invasion_encoded,tumor_size,indication_radiotherapy,bmi,surgery_time,distant_metastasis,primary_surgery_type_1.0,myometrial_invasion_preop_subjective_2.0,total_sentinel_nodes,preoperative_staging_1.0,final_histology_9.0,rfs_time,rfs_event
2,3.0,2.0,5.0,1.0,1,1,0.0,1,1.0,3.0,0.0,39.4,50.0,1.0,1,1,0.0,0,0,626.0,0
1,1.0,1.0,1.0,0.0,0,0,0.0,0,1.0,3.0,0.0,24.14,142.5,0.0,0,0,0.0,0,0,244.0,0
1,1.0,1.0,1.0,0.0,1,1,1.0,0,1.0,2.0,0.0,38.8,135.0,0.0,1,0,0.0,0,0,1769.0,0
1,2.0,1.0,5.0,1.0,1,1,1.0,0,2.0,7.0,1.0,36.3,345.0,0.0,1,0,0.0,1,0,1003.0,1
1,1.0,1.0,1.0,0.0,1,1,0.0,0,1.0,5.0,0.0,31.1,180.0,0.0,1,0,0.0,0,0,1917.0,0
1,1.0,1.0,1.0,0.0,1,1,0.0,0,0.0,0.7,0.0,40.6,60.0,0.0,1,0,0.0,0,0,1855.0,0
1,1.0,1.0,1.0,0.0,1,1,0.0,0,1.0,2.0,0.0,29.6,150.0,0.0,1,1,0.0,0,0,1654.0,0
1,1.0,1.0,1.0,0.0,0,1,0.0,0,1.0,3.0,0.0,22.0,142.5,0.0,0,1,2.0,0,0,838.0,0
1,1.0,1.0,2.0,0.0,0,1,0.0,0,2.0,19.0,0.0,47.8,205.0,0.0,1,0,6.0,0,0,1195.0,0
2,3.0,2.0,5.0,1.0,1,0,1.0,1,2.0,4.5,0.0,21.4,213.0,1.0,1,0,0.0,0,0,68.0,0
1,1.0,1.0,1.0,0.0,0,1,0.0,0,0.0,0.2,0.0,30.2,142.0,0.0,1,1,4.0,0,0,1075.0,0
1,1.0,2.0,2.0,0.0,1,0,0.0,0,0.0,0.5,1.0,29.4,150.0,0.0,1,1,0.0,0,0,1682.0,0
1,1.0,1.0,1.0,0.0,1,1,0.0,0,1.0,2.0,0.0,38.0,195.0,0.0,1,1,0.0,0,0,2136.0,0
1,1.0,1.0,1.0,0.0,0,1,0.0,0,0.0,3.0,0.0,29.4,142.5,0.0,0,1,1.0,0,0,1794.0,0
1,2.0,1.0,1.0,0.0,1,1,0.0,0,1.0,3.0,0.0,31.2,150.0,0.0,1,0,0.0,0,0,1212.0,0
1,1.0,1.0,1.0,0.0,1,1,0.0,0,1.0,1.5,0.0,56.1,158.0,0.0,1,1,0.0,0,0,823.0,0
2,3.0,1.0,5.0,1.0,0,0,0.0,1,1.0,3.0,0.0,29.4,142.5,1.0,0,0,0.0,0,0,101.0,0
1,2.0,1.0,1.0,0.0,1,1,0.0,0,1.0,3.5,0.0,30.8,120.0,0.0,1,0,0.0,0,0,1917.0,0
1,2.0,1.0,2.0,0.0,1,1,0.0,0,2.0,2.0,1.0,34.1,274.0,0.0,1,0,0.0,0,0,2166.0,0
2,3.0,2.0,4.0,0.0,1,1,1.0,0,3.0,3.0,1.0,25.4,260.0,0.0,1,0,0.0,1,0,1182.0,1
1,1.0,1.0,1.0,0.0,1,1,0.0,0,0.0,1.0,0.0,31.2,95.0,0.0,1,1,0.0,0,0,437.0,0
1,1.0,1.0,1.0,0.0,0,1,0.0,0,1.0,2.5,0.0,21.8,142.5,0.0,1,1,1.0,0,0,807.0,0
1,1.0,1.0,1.0,0.0,1,1,0.0,0,1.0,2.5,0.0,44.1,120.0,0.0,1,0,0.0,0,0,1379.0,0
1,1.0,1.0,1.0,0.0,1,1,0.0,0,0.0,3.2,0.0,41.0,90.0,0.0,1,1,0.0,0,0,2314.0,0
1,1.0,1.0,1.0,0.0,1,1,0.0,0,1.0,3.0,0.0,34.4,88.0,0.0,1,0,0.0,0,0,1707.0,0
1,1.0,1.0,1.0,0.0,1,1,0.0,0,1.0,3.8,0.0,37.8,125.0,0.0,1,1,0.0,0,0,1743.0,0
2,3.0,2.0,4.0,0.0,1,0,1.0,1,1.0,3.0,1.0,34.1,142.5,0.0,0,0,0.0,0,0,102.0,0
1,1.0,1.0,1.0,0.0,0,1,0.0,0,1.0,1.5,0.0,33.8,120.0,0.0,1,0,0.0,0,0,1708.0,0
2,2.0,2.0,3.0,1.0,0,1,1.0,0,1.0,5.0,1.0,36.7,314.0,0.0,1,0,1.0,0,0,802.0,0
1,1.0,1.0,1.0,0.0,0,1,0.0,0,1.0,1.5,0.0,26.6,184.0,0.0,1,0,2.0,0,0,808.0,0
1,1.0,1.0,1.0,0.0,1,1,0.0,0,1.0,5.0,0.0,35.2,95.0,0.0,1,0,0.0,0,0,881.0,0
1,1.0,1.0,1.0,0.0,0,1,0.0,0,0.0,1.0,0.0,22.8,150.0,0.0,1,0,2.0,0,0,799.0,0
1,1.0,1.0,1.0,0.0,0,0,0.0,0,1.0,3.0,0.0,29.4,142.5,0.0,1,0,0.0,0,0,61.0,0
1,1.0,1.0,1.0,0.0,0,1,0.0,0,0.0,1.5,0.0,25.14,285.0,0.0,1,0,2.0,0,0,1036.0,0
1,2.0,1.0,3.0,0.0,0,1,1.0,0,2.0,6.5,1.0,44.9,143.0,0.0,1,0,3.0,0,0,552.0,0
1,1.0,1.0,1.0,0.0,0,1,0.0,0,0.0,3.0,0.0,29.0,132.0,0.0,1,1,2.0,0,0,1204.0,0
1,1.0,1.0,1.0,0.0,0,1,0.0,0,1.0,2.2,0.0,39.1,60.0,0.0,1,0,3.0,0,0,365.0,0
1,1.0,1.0,1.0,0.0,0,1,0.0,0,1.0,1.4,0.0,33.2,205.0,0.0,1,0,2.0,0,0,710.0,0
1,1.0,1.0,1.0,0.0,0,1,0.0,0,1.0,3.0,0.0,26.07,98.0,0.0,1,0,2.0,0,0,1190.0,0
1,1.0,1.0,1.0,0.0,0,1,0.0,0,1.0,2.1,0.0,33.3,172.0,0.0,1,0,3.0,0,0,850.0,0
1,1.0,1.0,3.0,0.0,0,1,1.0,0,2.0,1.9,1.0,22.5,250.0,0.0,1,1,5.0,0,0,357.0,1
1,1.0,1.0,1.0,0.0,0,1,0.0,0,1.0,2.0,0.0,25.8,104.0,0.0,1,1,4.0,0,0,558.0,0
1,1.0,1.0,1.0,0.0,0,1,1.0,0,1.0,1.0,0.0,25.3,215.0,0.0,1,0,4.0,0,0,144.0,1
1,1.0,1.0,1.0,0.0,0,1,0.0,0,0.0,4.0,0.0,26.6,119.0,0.0,1,1,1.0,0,0,659.0,0
1,1.0,1.0,1.0,0.0,0,1,0.0,0,0.0,0.01,0.0,40.0,107.0,0.0,1,1,0.0,0,0,1351.0,0
1,1.0,1.0,1.0,0.0,0,1,0.0,0,0.0,4.5,0.0,26.3,147.0,0.0,1,1,2.0,0,0,666.0,0
1,1.0,1.0,1.0,0.0,1,1,0.0,0,1.0,2.0,0.0,27.8,128.0,0.0,1,0,0.0,0,0,1082.0,0
1,1.0,1.0,1.0,0.0,0,1,0.0,0,1.0,2.5,0.0,37.3,118.0,0.0,1,1,1.0,0,0,1176.0,0
1,1.0,1.0,1.0,0.0,1,1,0.0,0,1.0,5.5,0.0,41.0,95.0,0.0,1,1,0.0,0,0,770.0,0
1,2.0,1.0,2.0,0.0,0,1,0.0,0,2.0,4.0,0.0,40.6,142.5,0.0,1,0,1.0,0,0,237.0,0
1,2.0,2.0,4.0,1.0,0,1,1.0,0,2.0,4.0,1.0,34.1,300.0,0.0,1,0,1.0,1,0,1014.0,0
1,1.0,1.0,1.0,0.0,0,1,0.0,0,1.0,3.0,0.0,22.0,110.0,0.0,1,1,1.0,0,0,1167.0,0
1,1.0,1.0,1.0,0.0,1,1,0.0,0,1.0,3.0,0.0,26.8,72.0,0.0,1,1,0.0,0,0,1186.0,0
1,1.0,1.0,1.0,0.0,1,1,1.0,0,1.0,5.3,0.0,30.8,135.0,0.0,1,0,0.0,0,0,1930.0,0
1,1.0,1.0,4.0,1.0,0,1,0.0,0,1.0,2.0,1.0,34.3,425.0,0.0,1,1,3.0,0,0,1955.0,0
1,1.0,1.0,1.0,0.0,1,1,0.0,0,1.0,1.3,0.0,38.9,85.0,0.0,1,1,0.0,0,0,1782.0,0
1,1.0,1.0,1.0,0.0,1,1,0.0,0,1.0,3.5,0.0,27.6,208.0,0.0,1,0,0.0,0,0,1744.0,0
1,1.0,1.0,1.0,0.0,1,1,0.0,0,0.0,1.5,0.0,25.4,220.0,0.0,1,1,0.0,0,0,1770.0,0
2,2.0,1.0,1.0,0.0,0,0,0.0,0,1.0,3.0,0.0,25.0,142.5,0.0,0,0,0.0,1,0,15.0,0
1,1.0,1.0,1.0,0.0,1,0,0.0,0,1.0,0.2,0.0,32.0,91.0,0.0,1,0,0.0,0,0,1897.0,0
2,2.0,2.0,4.0,0.0,0,0,1.0,0,3.0,6.0,1.0,31.6,120.0,0.0,1,0,0.0,1,0,936.0,0
1,1.0,1.0,1.0,0.0,1,0,0.0,0,1.0,8.0,0.0,29.3,150.0,0.0,1,1,0.0,0,0,430.0,0
1,1.0,1.0,1.0,0.0,1,1,0.0,0,1.0,1.6,0.0,30.0,120.0,0.0,1,1,0.0,0,0,1740.0,0
1,1.0,1.0,1.0,0.0,1,1,0.0,0,1.0,2.3,0.0,39.8,180.0,0.0,1,1,0.0,0,0,1922.0,0
1,1.0,1.0,1.0,0.0,1,1,0.0,0,0.0,1.2,0.0,35.5,155.0,0.0,1,1,0.0,0,0,1561.0,0
2,1.0,2.0,1.0,1.0,0,0,0.0,0,3.0,0.45,1.0,23.9,142.5,0.0,0,0,0.0,0,0,717.0,1
1,1.0,1.0,1.0,0.0,1,1,0.0,0,1.0,0.2,0.0,36.9,90.0,0.0,1,1,0.0,0,0,1819.0,0
1,1.0,1.0,1.0,1.0,1,1,0.0,0,1.0,5.0,0.0,23.3,100.0,0.0,1,1,0.0,0,0,1763.0,0
1,1.0,1.0,1.0,0.0,0,1,0.0,0,1.0,3.0,0.0,24.1,142.5,0.0,0,1,0.0,0,0,1923.0,0
1,1.0,1.0,1.0,0.0,1,0,0.0,0,0.0,6.5,0.0,23.8,95.0,0.0,1,0,0.0,0,1,1843.0,0
2,3.0,2.0,5.0,1.0,0,0,0.0,1,0.0,5.5,0.0,22.7,135.0,1.0,0,0,0.0,0,1,459.0,1
1,1.0,1.0,2.0,0.0,0,1,0.0,0,1.0,3.0,1.0,23.4,250.0,0.0,0,0,0.0,0,0,1107.0,1
1,1.0,1.0,1.0,0.0,1,1,0.0,0,1.0,2.0,0.0,43.0,120.0,0.0,1,1,0.0,0,0,458.0,0
1,1.0,2.0,2.0,0.0,1,1,0.0,0,2.0,1.8,1.0,25.5,222.0,0.0,1,1,0.0,0,0,791.0,1
2,2.0,2.0,2.0,0.0,1,1,0.0,0,1.0,3.0,0.0,23.2,255.0,0.0,0,0,0.0,0,0,502.0,1
1,1.0,1.0,1.0,0.0,1,1,0.0,0,1.0,3.0,0.0,37.4,120.0,0.0,1,0,0.0,0,0,968.0,1
1,1.0,1.0,1.0,0.0,1,1,0.0,0,1.0,0.25,0.0,41.6,80.0,0.0,0,1,0.0,0,0,2239.0,0
2,2.0,2.0,2.0,0.0,1,1,0.0,0,1.0,5.5,0.0,23.9,270.0,0.0,1,1,0.0,0,0,1942.0,0
1,2.0,1.0,4.0,1.0,1,1,1.0,1,2.0,3.0,1.0,22.8,220.0,0.0,1,0,0.0,0,0,518.0,1
1,1.0,1.0,1.0,0.0,1,1,0.0,0,1.0,0.5,0.0,33.9,105.0,0.0,1,1,0.0,0,0,1891.0,0
1,1.0,1.0,1.0,0.0,1,1,0.0,0,0.0,0.3,0.0,47.0,160.0,0.0,1,1,0.0,0,0,2024.0,0
1,1.0,1.0,1.0,0.0,1,1,0.0,0,0.0,0.4,0.0,31.6,142.5,0.0,1,0,0.0,0,0,2105.0,0
1,1.0,1.0,1.0,0.0,1,1,0.0,0,1.0,1.8,0.0,28.0,95.0,0.0,1,1,0.0,0,0,1920.0,0
2,2.0,1.0,3.0,0.0,1,1,0.0,0,2.0,4.0,0.0,22.1,264.0,0.0,0,1,0.0,0,0,407.0,1
1,2.0,1.0,4.0,1.0,1,1,1.0,0,2.0,7.5,1.0,21.0,300.0,0.0,1,0,0.0,1,0,333.0,1
2,3.0,2.0,4.0,1.0,1,0,1.0,1,2.0,4.0,1.0,23.72,142.5,0.0,1,0,0.0,0,0,731.0,1
1,2.0,1.0,4.0,1.0,1,1,1.0,0,2.0,5.5,1.0,33.9,260.0,0.0,1,0,0.0,0,0,2337.0,0
1,2.0,1.0,4.0,0.0,1,1,0.0,1,3.0,3.5,1.0,37.9,290.0,0.0,1,0,0.0,0,0,2285.0,0
1,1.0,1.0,1.0,0.0,0,0,0.0,0,1.0,3.0,0.0,25.9,142.5,0.0,0,1,0.0,0,0,1979.0,0
2,3.0,2.0,5.0,1.0,1,0,1.0,1,2.0,13.0,0.0,30.7,95.0,0.0,1,0,0.0,0,0,496.0,1
1,1.0,1.0,4.0,0.0,1,0,1.0,0,2.0,3.0,0.0,25.0,142.5,0.0,1,0,0.0,0,1,1569.0,1
2,3.0,1.0,1.0,0.0,0,0,0.0,1,1.0,3.0,0.0,26.1,142.5,1.0,0,0,0.0,0,0,104.0,0
2,3.0,2.0,3.0,1.0,1,0,1.0,0,2.0,6.5,1.0,46.1,370.0,0.0,1,0,0.0,1,0,326.0,1
2,3.0,2.0,5.0,1.0,1,1,1.0,1,2.0,4.0,1.0,29.7,327.0,1.0,1,0,0.0,0,0,462.0,1
1,1.0,1.0,1.0,0.0,1,1,0.0,0,0.0,3.0,0.0,35.2,150.0,0.0,1,1,0.0,0,0,2671.0,0
1,2.0,1.0,4.0,0.0,1,1,1.0,0,2.0,2.0,1.0,22.9,260.0,0.0,1,0,0.0,0,0,1284.0,1
2,3.0,2.0,5.0,1.0,1,0,0.0,1,0.0,10.0,1.0,28.9,300.0,0.0,1,0,0.0,0,0,1061.0,1
2,2.0,2.0,1.0,1.0,1,0,0.0,0,1.0,3.0,1.0,30.5,210.0,0.0,0,1,0.0,0,0,428.0,1
1,2.0,1.0,1.0,0.0,1,0,0.0,0,0.0,3.0,0.0,23.2,120.0,0.0,1,1,0.0,0,1,541.0,0
1,1.0,1.0,1.0,0.0,1,1,0.0,0,1.0,2.0,0.0,20.9,60.0,0.0,1,1,0.0,0,0,2114.0,0
2,3.0,2.0,4.0,0.0,1,0,1.0,1,1.0,8.0,0.0,31.2,150.0,0.0,1,0,0.0,0,0,1472.0,0
2,3.0,2.0,3.0,0.0,1,0,0.0,0,2.0,3.7,0.0,29.4,130.0,0.0,1,0,0.0,0,0,113.0,0
1,2.0,1.0,3.0,0.0,1,1,0.0,0,2.0,4.0,1.0,29.4,195.0,0.0,1,0,0.0,0,0,2072.0,0
1,1.0,1.0,1.0,0.0,1,1,0.0,0,1.0,2.1,0.0,23.4,85.0,0.0,1,1,0.0,0,0,1960.0,0
1,1.0,1.0,1.0,1.0,1,0,0.0,0,2.0,4.0,1.0,20.8,262.0,0.0,1,0,0.0,0,0,2550.0,0
1,3.0,1.0,1.0,0.0,0,0,0.0,1,1.0,3.0,0.0,26.9,142.5,1.0,0,0,0.0,0,0,63.0,0
1,1.0,2.0,1.0,0.0,1,1,0.0,0,1.0,1.3,0.0,19.5,140.0,0.0,1,1,0.0,0,0,1596.0,0
1,1.0,1.0,1.0,0.0,1,1,0.0,0,1.0,2.0,0.0,25.6,135.0,0.0,1,1,0.0,0,0,1576.0,0
1,1.0,1.0,2.0,0.0,1,1,1.0,0,2.0,3.0,0.0,22.3,215.0,0.0,0,0,0.0,0,0,1687.0,0
1,1.0,1.0,1.0,0.0,1,1,0.0,0,1.0,1.5,0.0,46.2,110.0,0.0,1,1,0.0,0,0,1614.0,0
1,1.0,1.0,1.0,0.0,1,1,0.0,0,0.0,0.7,0.0,45.8,185.0,0.0,1,0,0.0,0,0,1176.0,0
1,1.0,1.0,1.0,0.0,1,1,0.0,0,2.0,3.5,0.0,44.9,245.0,0.0,1,1,0.0,0,0,1722.0,0
1,2.0,1.0,2.0,1.0,1,1,0.0,0,2.0,6.5,0.0,35.4,248.0,0.0,1,1,0.0,0,0,402.0,1
1,1.0,1.0,1.0,0.0,0,1,0.0,0,1.0,2.5,0.0,34.7,90.0,0.0,1,1,2.0,0,0,1450.0,0
1,2.0,1.0,2.0,0.0,0,1,0.0,0,2.0,9.0,0.0,30.5,280.0,0.0,1,0,6.0,0,0,1708.0,0
2,2.0,1.0,2.0,0.0,1,1,0.0,0,2.0,3.0,0.0,39.8,310.0,0.0,1,1,0.0,0,0,1577.0,0
1,1.0,1.0,1.0,0.0,0,1,0.0,0,1.0,1.2,0.0,27.7,90.0,0.0,1,1,2.0,0,0,800.0,0
1,2.0,1.0,1.0,0.0,0,1,1.0,0,1.0,2.0,0.0,26.0,140.0,0.0,1,0,4.0,0,0,1588.0,0
1,2.0,1.0,2.0,0.0,1,1,0.0,0,2.0,3.4,1.0,29.1,200.0,0.0,1,0,0.0,0,0,1622.0,0
1,1.0,1.0,1.0,0.0,1,1,0.0,0,0.0,2.0,0.0,25.0,100.0,0.0,1,1,0.0,0,0,1576.0,0
1,1.0,1.0,1.0,0.0,1,1,0.0,0,0.0,2.0,0.0,51.8,82.0,0.0,1,0,0.0,0,0,1308.0,0
1,2.0,1.0,4.0,1.0,1,1,0.0,1,2.0,7.5,1.0,29.1,165.0,0.0,1,0,0.0,0,0,1753.0,0
1,2.0,1.0,1.0,0.0,0,0,0.0,0,1.0,3.0,0.0,29.4,142.5,0.0,0,0,0.0,0,0,973.0,0
1,2.0,1.0,5.0,1.0,0,1,0.0,1,2.0,2.5,0.0,22.3,210.0,0.0,1,0,0.0,0,0,991.0,0
1,3.0,1.0,4.0,0.0,1,1,1.0,0,2.0,6.0,1.0,32.8,360.0,0.0,1,0,0.0,1,0,537.0,1
2,3.0,2.0,5.0,1.0,1,0,1.0,1,3.0,4.0,0.0,16.7,275.0,0.0,1,1,0.0,0,0,445.0,1
1,1.0,1.0,1.0,0.0,1,1,0.0,0,1.0,2.3,0.0,23.6,65.0,0.0,1,1,0.0,0,0,1382.0,0
1,2.0,1.0,4.0,1.0,1,1,0.0,1,2.0,0.22,1.0,30.2,240.0,0.0,1,0,0.0,0,0,735.0,0
2,3.0,2.0,5.0,1.0,1,0,1.0,1,2.0,3.0,0.0,19.6,240.0,0.0,1,1,0.0,0,0,938.0,1
1,1.0,1.0,1.0,0.0,1,1,0.0,0,0.0,3.0,0.0,26.6,110.0,0.0,1,0,0.0,0,0,589.0,0
1,2.0,1.0,1.0,0.0,0,0,0.0,0,1.0,3.0,1.0,22.7,142.5,0.0,0,0,0.0,1,0,750.0,0
2,3.0,2.0,3.0,0.0,1,1,1.0,0,2.0,4.0,1.0,28.3,300.0,0.0,1,0,0.0,0,0,1384.0,1
1,1.0,1.0,1.0,0.0,0,1,0.0,0,1.0,2.6,0.0,31.2,120.0,0.0,1,0,1.0,0,0,833.0,0
1,1.0,1.0,1.0,0.0,0,1,0.0,0,1.0,1.4,0.0,31.6,142.5,0.0,1,1,2.0,0,0,599.0,0
1,1.0,1.0,1.0,0.0,1,0,0.0,0,0.0,0.0,0.0,24.4,80.0,0.0,1,0,0.0,0,1,1335.0,0
2,3.0,1.0,1.0,1.0,0,0,0.0,1,1.0,3.0,0.0,29.4,142.5,1.0,0,0,0.0,0,0,17.0,0
1,1.0,1.0,1.0,0.0,0,0,0.0,0,1.0,3.0,0.0,29.4,142.5,0.0,0,1,0.0,0,0,769.0,0
1,1.0,1.0,1.0,0.0,1,1,0.0,0,0.0,2.0,0.0,42.1,120.0,0.0,1,1,0.0,0,0,2040.0,0
2,3.0,2.0,1.0,1.0,0,0,0.0,1,1.0,18.0,0.0,25.2,142.5,1.0,0,0,0.0,0,1,266.0,1
2,2.0,2.0,5.0,1.0,1,0,0.0,1,3.0,19.0,1.0,24.4,142.5,0.0,0,0,0.0,0,1,65.0,1
2,2.0,2.0,4.0,1.0,1,0,1.0,0,1.0,18.0,0.0,20.5,155.0,0.0,1,1,0.0,1,1,674.0,0
1,1.0,1.0,1.0,0.0,1,1,0.0,0,0.0,3.0,0.0,33.2,70.0,0.0,1,1,0.0,0,0,1558.0,0
2,2.0,2.0,1.0,0.0,0,1,0.0,0,1.0,3.0,0.0,26.2,142.5,0.0,1,0,0.0,0,0,1470.0,1
1,1.0,1.0,1.0,0.0,0,0,0.0,0,0.0,3.0,0.0,28.0,60.0,0.0,1,1,3.0,0,1,467.0,0
1,2.0,2.0,2.0,0.0,0,1,0.0,0,2.0,38.0,0.0,29.4,65.0,0.0,0,0,2.0,0,0,695.0,0
1,1.0,1.0,1.0,0.0,0,1,0.0,0,1.0,0.02,0.0,22.7,100.0,0.0,1,1,0.0,0,0,641.0,0
1,1.0,1.0,1.0,0.0,0,0,0.0,0,0.0,3.0,0.0,23.5,90.0,0.0,1,0,0.0,0,0,97.0,0
1,1.0,1.0,1.0,0.0,0,0,0.0,0,0.0,3.5,0.0,35.5,90.0,0.0,0,0,0.0,0,1,104.0,0
1,1.0,1.0,3.0,1.0,0,1,1.0,0,1.0,3.4,1.0,17.2,120.0,0.0,1,1,0.0,0,0,590.0,0
1,1.0,1.0,1.0,0.0,0,0,0.0,0,0.0,3.0,0.0,31.2,135.0,0.0,1,0,0.0,0,1,70.0,0
1,2.0,1.0,2.0,0.0,0,1,0.0,1,2.0,5.8,0.0,29.4,300.0,0.0,1,0,0.0,0,0,510.0,0
1,1.0,1.0,1.0,0.0,0,1,0.0,0,1.0,1.3,0.0,23.4,100.0,0.0,1,1,2.0,0,0,420.0,0
1,3.0,1.0,3.0,0.0,0,1,0.0,0,2.0,4.3,1.0,32.8,100.0,0.0,1,0,2.0,1,0,466.0,0
1,1.0,1.0,1.0,0.0,0,1,0.0,0,0.0,1.4,0.0,25.4,180.0,0.0,1,0,5.0,0,0,379.0,0
1,1.0,1.0,4.0,1.0,0,1,0.0,0,2.0,2.3,1.0,19.5,130.0,0.0,1,1,3.0,0,0,378.0,0
1,2.0,1.0,2.0,0.0,0,1,0.0,0,2.0,2.5,0.0,28.7,15.0,0.0,1,0,0.0,0,0,462.0,0
1,2.0,1.0,1.0,0.0,0,1,0.0,0,0.0,2.0,0.0,41.3,170.0,0.0,1,1,3.0,0,0,479.0,0
1,1.0,1.0,1.0,0.0,0,0,0.0,0,0.0,3.5,0.0,45.7,120.0,0.0,1,0,0.0,0,0,78.0,0
1,1.0,1.0,1.0,0.0,0,0,0.0,0,0.0,3.0,0.0,49.0,240.0,0.0,1,1,2.0,0,0,162.0,0
1,1.0,1.0,1.0,0.0,0,0,0.0,0,1.0,3.0,0.0,31.1,150.0,0.0,1,1,0.0,0,0,122.0,0
1,2.0,1.0,1.0,0.0,0,1,0.0,0,0.0,3.5,0.0,24.2,150.0,0.0,1,0,4.0,0,0,453.0,0
